app,contentDescription,addCaptioningChangeListener,getFontScale,getLocale,getUserStyle,isEnabled,removeCaptioningChangeListener,screenOrientation,inputType,inputMethod,phoneNumber,password,numeric,digits,autoText,editable,background,textColor,autoSizeTextType,textSize,textScaleX,autoSizeMaxTextSize,autoSizeMinTextSize,autoSizePresetSizes,lineSpacingMultiplier,lineSpacingExtra,letterSpacing,animateLayoutChanges,nextFocusForward,nextFocusUp,nextFocusDown,nextFocusLeft,nextFocusRight,accessibilityPaneTitle,accessibilityTraversalBefore,accessibilityTraversalAfter,accessibilityHeading,cursorVisible,minWidth,minHeight,screenReaderFocusable,focusable,hint,labelFor,onInitializeAccessibilityNodeInfo,replaceAccessibilityAction,accessibilityLiveRegion,importantForAccessibility,hapticFeedbackEnabled,sendAccessibilityEvent,sendAccessibilityEventUnchecked,dispatchPopulateAccessibilityEvent,onPopulateAccessibilityEvent,onRequestSendAccessibilityEvent,onBindViewHolder,GP-score,GP-installs,CM-SumDIACodeElements,CM-IndexDIACodeElements,CM-SumIIACodeElements,CM-IndexIIACodeElements,CM-SumAllCodeElements,CM-IndexAllCodeElements,CM-SumPerceivableCodeElements,CM-SumOperableCodeElements,CM-SumUnderstandableCodeElements,CM-SumRobustCodeElements,AL-GetContentDescriptionOverride,AL-ClickableViewAccessibility,AL-ContentDescription,AL-KeyboardInaccessibleWidget,AL-LabelFor,AL-acc_issues,M-NonTextContent,M-LabelOrInstructions,M-IdentifyInputPurpose,M-ContrastMinimum,M-TargetSize,M-DuplicateContentDescription,M-Spacing,M-Orientation,M-PageTitled,M-acc_issues,W-perceivable_issues,W-operable_issues,W-understandable_issues,W-robust_issues,total_of_issues
10000sentences,0,0,0,0,0,0,0,0,1,0,0,0,0,0,0,0,5,38,0,35,0,0,0,0,0,0,0,0,0,0,0,0,0,0,0,0,0,0,0,0,0,0,0,1,0,0,0,0,0,0,0,0,0,0,0,4.32,35037,37,3,43,2,80,5,79,0,1,0,0,0,1,0,4,5,7,4,2,319,9,0,0,8,4,353,337,13,8,0,358
activitydiary,14,0,0,0,0,0,0,0,3,0,0,0,0,0,0,0,12,6,0,15,0,0,0,0,0,0,0,0,0,0,0,0,0,0,0,0,0,0,0,0,0,0,2,0,0,0,0,0,0,0,0,0,0,0,3,3.8888888,1766,34,4,21,3,55,7,50,0,2,3,0,0,1,0,1,2,11,3,0,91,12,0,11,5,4,137,108,27,4,0,139
aegis,0,0,0,2,0,0,0,0,9,0,0,2,0,0,0,0,36,39,0,24,0,0,0,0,0,1,0,0,0,0,0,0,0,0,0,0,0,0,0,0,0,2,12,0,0,0,0,9,0,0,0,0,0,0,4,4.74,32682,59,7,81,4,140,11,113,2,12,13,0,0,21,0,2,23,50,5,4,36,24,0,2,7,3,131,118,29,7,0,154
aelf-dailyreadings,0,0,0,0,0,1,0,0,0,0,0,0,0,0,0,0,15,3,0,5,0,0,0,0,0,0,0,0,0,0,0,0,0,0,0,0,0,0,0,0,0,0,0,0,0,0,0,0,0,0,0,0,0,0,2,4.6431093,431789,5,1,21,4,26,5,24,0,0,2,0,2,0,0,0,2,8,2,0,54,97,0,7,2,2,172,64,106,2,2,174
androdns,1,0,0,0,0,0,0,0,10,0,0,0,0,0,0,0,3,0,0,0,0,0,0,0,0,0,0,0,0,0,0,0,0,0,0,0,0,0,0,0,0,0,3,0,0,0,0,0,0,0,0,0,0,0,0,4.4363637,17904,14,3,3,1,17,4,14,0,3,0,0,0,1,0,2,3,7,5,1,13,18,2,20,2,1,69,26,39,7,0,72
android-gotify,5,0,0,0,0,1,0,0,6,0,0,0,0,1,0,0,3,4,0,6,0,0,0,0,0,0,0,0,0,0,0,0,0,0,0,0,0,0,0,0,0,0,6,0,0,0,0,0,0,0,0,0,0,0,1,4.6896553,3317,24,5,9,4,33,9,26,0,6,1,0,0,2,0,0,2,2,0,0,1,4,0,0,2,2,11,7,6,0,0,13
android-gpsd-client,0,0,0,0,0,0,0,0,1,0,0,0,0,0,0,0,0,2,0,1,0,0,0,0,0,0,0,0,0,0,0,0,0,0,0,0,0,0,0,0,0,0,2,0,0,0,0,0,0,0,0,0,0,0,0,0,1025,4,3,2,1,6,4,4,0,2,0,0,0,0,0,0,0,4,0,2,10,6,0,4,2,0,28,18,10,0,0,28
androidnetworktools,0,0,0,0,0,0,0,0,1,0,0,0,0,0,0,0,1,0,0,0,0,0,0,0,0,0,0,0,0,0,0,0,0,0,0,0,0,0,0,0,0,0,1,0,0,0,0,0,0,0,0,0,0,0,0,4.285714,4177,2,2,1,1,3,3,2,0,1,0,0,0,0,0,0,0,1,0,0,5,2,0,5,2,0,15,8,7,0,0,15
androidplanisphere,0,0,0,0,0,1,0,0,2,0,0,0,0,0,0,0,1,0,0,1,0,0,0,0,0,0,0,0,0,0,0,0,0,0,0,0,0,0,0,0,0,0,2,0,0,0,0,0,0,0,0,0,0,0,0,0,2,5,3,2,2,7,5,5,0,2,0,0,1,0,0,0,1,0,2,0,19,78,0,0,1,2,102,20,80,2,1,103
anlinux-adfree,0,0,0,0,0,0,0,0,0,0,0,0,0,0,0,0,1,0,0,7,0,0,0,0,0,0,0,0,0,0,0,0,0,0,0,0,0,0,0,0,0,0,0,0,0,0,0,0,0,0,0,0,0,0,0,3.9849625,453101,7,1,1,1,8,2,8,0,0,0,0,0,0,0,0,0,1,1,0,19,16,0,0,2,1,40,22,17,1,0,40
applock,1,0,0,0,0,1,0,0,0,0,0,0,0,0,0,0,43,32,0,32,0,0,0,0,0,0,0,0,0,0,0,0,0,0,0,0,0,0,0,0,0,0,2,0,0,0,0,0,0,1,0,0,0,0,3,4,4410,36,4,79,4,115,8,109,0,2,4,0,1,21,0,0,22,4,0,0,5,1,0,0,1,1,12,31,2,0,1,34
archpackages,0,0,0,0,0,0,0,0,1,0,0,0,0,0,0,0,22,7,0,0,0,0,0,0,0,0,0,0,0,0,0,0,0,0,0,0,0,0,0,0,0,0,1,0,0,0,0,0,0,0,0,0,0,0,3,4.827586,4929,2,2,32,3,34,5,30,0,1,3,0,0,0,0,0,0,21,2,0,8,20,0,3,1,1,56,30,24,2,0,56
atalk-android,76,0,0,8,0,32,0,0,129,0,0,0,0,0,0,7,279,181,0,47,0,0,0,0,0,0,0,3,0,0,0,0,0,0,0,0,0,1,0,0,0,5,121,1,0,0,0,0,0,0,0,0,0,0,1,3.7777777,5097,383,7,508,7,891,14,759,9,122,1,0,6,84,4,54,148,50,19,4,61,87,0,0,5,5,231,204,96,73,6,379
authorizer,13,0,0,0,0,7,0,0,28,0,0,0,0,1,0,0,3,7,0,20,0,0,0,0,0,0,0,0,0,0,0,0,0,0,0,0,0,0,0,0,0,0,19,0,0,0,0,9,0,0,0,0,0,0,6,0,827,90,6,23,4,113,10,79,0,19,15,0,4,1,10,8,23,0,4,2,15,8,0,0,3,2,34,21,20,12,4,57
c-beam-droid,7,0,0,0,0,0,0,0,4,0,0,0,0,0,0,0,41,12,0,15,0,0,0,0,0,0,0,0,0,0,0,0,0,0,0,0,0,0,0,0,0,1,6,0,0,0,0,0,5,0,0,0,0,0,0,4.875,1215,37,5,54,3,91,8,79,1,6,5,0,5,3,0,2,10,15,5,4,42,35,0,0,11,8,120,75,43,7,5,130
calculator-notification,0,0,0,0,0,0,0,0,0,0,0,0,0,0,0,0,52,2,0,0,0,0,0,0,0,0,0,0,0,0,0,0,0,0,0,0,0,0,0,0,0,0,0,0,0,0,0,0,0,0,0,0,0,0,0,4.3055553,1700,0,0,54,2,54,2,54,0,0,0,0,0,6,0,0,6,0,0,0,1,1,0,0,1,0,3,8,1,0,0,9
calliope-android-app,0,0,0,0,0,3,0,0,1,0,0,0,0,0,0,0,15,17,0,15,0,0,0,0,0,0,0,0,0,0,0,0,0,0,0,0,0,0,0,0,0,0,0,0,0,0,0,0,0,0,0,0,0,0,1,2.8235295,3381,16,2,36,4,52,6,51,0,0,1,0,0,18,0,0,18,21,7,0,322,166,0,0,4,2,522,365,168,7,0,540
contentblocker,3,0,0,1,0,4,0,0,2,0,0,0,0,0,0,0,12,49,0,35,0,0,0,0,0,0,0,0,0,0,0,0,0,0,0,0,0,2,0,0,0,0,3,0,0,0,0,0,0,0,0,0,0,0,0,4.420058,6782168,46,6,65,3,111,9,106,2,3,0,0,0,21,0,2,23,13,0,0,6,0,0,1,1,2,23,41,3,2,0,46
darkcroc-android-theme,0,0,0,0,0,0,0,0,0,0,0,0,0,0,0,0,2,0,0,0,0,0,0,0,0,0,0,0,0,0,0,0,0,0,0,0,0,0,0,0,0,0,0,0,0,0,0,0,0,0,0,0,0,0,0,4.25,18377,0,0,2,1,2,1,2,0,0,0,0,0,0,0,0,0,0,0,0,2,4,0,0,2,0,8,4,4,0,0,8
dash-wallet,8,0,0,0,0,1,0,0,17,0,0,0,0,0,0,0,50,50,0,55,0,0,0,0,0,0,0,1,1,0,1,0,0,0,0,0,0,0,0,0,0,0,19,0,0,0,0,0,0,0,0,0,0,0,0,4,352399,101,6,102,4,203,10,181,3,19,0,0,0,16,0,4,20,0,0,0,2,0,0,0,0,0,2,18,0,4,0,22
defaultdarktheme-oms,0,0,0,0,0,0,0,0,0,0,0,0,0,0,0,0,2,0,0,0,0,0,0,0,0,0,0,0,0,0,0,0,0,0,0,0,0,0,0,0,0,0,0,0,0,0,0,0,0,0,0,0,0,0,0,2.7142856,369985,0,0,2,1,2,1,2,0,0,0,0,0,0,0,0,0,0,0,0,9,21,0,0,1,0,31,10,21,0,0,31
democracy-client,2,0,1,0,0,8,0,0,4,0,0,0,0,0,0,2,22,8,0,12,0,0,0,0,3,4,7,0,1,1,1,1,1,0,0,0,0,1,5,5,0,4,4,0,1,0,2,2,0,5,0,1,0,0,0,4.3846154,84866,64,21,44,5,108,26,73,20,4,11,0,0,0,0,0,0,0,2,1,5,2,0,0,2,2,14,8,4,2,0,14
diaguard,55,0,0,4,0,2,0,0,21,0,0,0,0,0,0,0,45,69,0,17,0,0,0,0,0,0,0,3,0,0,0,0,0,0,0,0,0,0,0,0,0,0,26,0,0,0,0,0,0,0,0,0,0,0,14,4.48,20572,123,5,133,5,256,10,213,3,26,14,0,3,0,0,0,3,41,5,0,125,42,0,0,3,3,219,169,45,5,3,222
diceware-pass-gen,6,0,0,0,0,0,0,0,0,0,0,0,0,0,0,0,9,3,0,2,0,0,0,0,0,0,0,0,0,0,0,0,0,0,0,0,0,0,0,0,0,0,0,0,0,0,0,0,0,0,0,0,0,0,0,4.8636365,2429,8,2,12,2,20,4,20,0,0,0,0,0,0,0,0,0,0,0,0,5,10,0,8,1,1,25,6,19,0,0,25
dokuwikiandroid,1,0,0,0,0,0,0,0,0,0,0,0,0,0,0,0,2,0,0,0,0,0,0,0,0,0,0,0,0,0,0,0,0,0,0,0,0,0,0,0,0,0,0,0,0,0,0,0,0,0,0,0,0,0,0,3.4285715,940,1,1,2,1,3,2,3,0,0,0,0,0,0,0,1,1,6,3,1,18,10,0,0,3,2,43,28,12,4,0,44
download-navi,21,0,0,0,0,3,0,0,15,0,0,0,0,0,0,0,36,3,0,1,0,0,0,0,0,0,0,0,0,0,1,0,0,0,0,0,0,0,0,0,0,0,14,0,0,0,0,0,0,0,0,0,0,0,3,3.93,66500,52,5,45,4,97,9,79,1,14,3,0,1,1,0,0,2,44,14,3,286,537,0,4,4,4,896,338,545,14,1,898
dsaassistant,12,0,0,0,0,0,0,0,17,0,0,0,0,0,0,0,24,44,0,73,0,0,0,0,0,0,0,0,0,0,12,0,0,0,0,0,0,0,0,0,0,0,15,0,0,0,0,0,0,0,0,0,0,0,0,4.3636365,2748,129,5,68,2,197,7,170,12,15,0,0,0,0,4,0,4,11,3,0,43,20,13,13,2,4,109,69,41,3,0,113
exodus-android-app,1,0,0,0,0,0,0,0,0,0,0,0,0,0,0,0,6,29,0,25,0,0,0,0,0,0,0,0,0,0,0,0,0,0,0,0,0,0,0,0,0,0,0,0,0,0,0,0,0,0,0,0,0,0,3,4.29,88362,26,2,38,3,64,5,61,0,0,3,0,0,4,0,0,4,2,1,0,1,2,0,0,1,1,8,8,3,1,0,12
fediphoto,0,0,0,0,0,0,0,0,5,0,0,0,0,0,0,0,0,0,0,0,0,0,0,0,0,0,0,0,0,0,0,0,0,0,0,0,0,0,0,0,0,0,0,4,0,0,0,0,0,0,0,0,0,0,0,0,8,9,2,0,0,9,2,5,0,4,0,0,0,0,0,0,0,3,3,0,3,14,0,2,4,3,32,10,19,3,0,32
flashcards,1,0,0,0,0,0,0,0,0,0,0,0,0,0,0,0,10,13,1,19,0,1,0,0,0,0,0,0,0,0,0,0,0,0,0,0,0,0,0,0,0,0,0,0,0,0,0,0,0,0,0,0,0,0,0,0,74,22,4,23,2,45,6,45,0,0,0,0,0,0,0,0,0,1,3,2,21,7,0,0,4,2,40,28,9,3,0,40
funktrainer,0,0,0,0,0,1,0,0,1,0,0,0,0,0,0,0,1,5,0,4,0,0,0,0,0,0,0,0,0,0,0,0,0,0,0,0,0,0,0,0,0,0,1,0,0,0,0,0,0,0,0,0,0,0,0,4.5636363,7039,6,3,7,3,13,6,12,0,1,0,0,0,0,0,0,0,1,1,0,9,17,0,2,3,2,35,13,21,1,0,35
getmitokens,2,0,0,0,0,0,0,0,0,0,0,0,0,0,0,0,0,2,0,2,0,0,0,0,0,0,0,0,0,0,0,0,0,0,0,0,0,0,0,0,0,0,0,0,0,0,0,0,0,0,0,0,0,0,0,0,143,4,2,2,1,6,3,6,0,0,0,0,0,0,0,0,0,0,0,0,1,1,0,0,1,0,3,2,1,0,0,3
getoffyourphone,2,0,0,0,0,0,0,0,0,0,0,0,0,0,0,0,11,5,0,16,0,0,0,0,0,0,0,0,0,0,0,0,0,0,0,0,0,0,0,0,0,0,0,0,0,0,0,0,0,0,0,0,0,0,1,4.142857,2756,18,2,17,3,35,5,34,0,0,1,0,0,1,0,0,1,17,0,0,2,0,0,2,1,1,23,21,3,0,0,24
goodtime,12,0,0,0,0,1,0,0,3,0,0,0,0,0,0,0,15,9,0,22,0,0,0,0,1,0,0,0,0,0,0,0,0,0,0,0,0,0,1,0,0,0,3,0,0,0,0,0,0,0,0,0,0,0,4,4.560232,511233,42,6,29,4,71,10,63,1,3,4,0,3,4,0,2,9,9,5,0,5,2,0,2,6,4,33,24,8,7,3,42
habpanelviewer,0,0,0,0,0,1,0,0,3,0,0,0,0,0,0,0,9,3,0,10,0,0,0,0,0,0,0,0,0,0,0,0,0,0,0,0,0,0,0,0,0,0,2,0,0,0,0,0,0,0,0,0,0,0,0,3.707317,8266,15,3,13,3,28,6,26,0,2,0,0,1,1,0,0,2,12,0,0,3,1,0,1,1,0,18,17,2,0,1,20
hacs,0,0,0,0,0,1,0,0,1,0,0,0,0,0,0,0,2,7,0,0,0,0,0,0,0,0,0,0,0,0,0,0,0,0,0,0,0,0,0,0,0,0,1,0,0,0,0,0,0,0,0,0,0,0,0,0,154,2,2,10,3,12,5,11,0,1,0,0,0,3,0,0,3,3,2,2,32,3,0,0,4,2,48,44,5,2,0,51
hauk,1,0,0,0,0,0,0,0,5,0,0,0,0,0,0,0,1,8,0,2,0,0,0,0,0,0,1,0,0,0,0,0,0,0,0,0,0,0,0,0,0,0,1,3,0,0,0,0,0,0,0,0,0,0,0,5,183,13,6,9,2,22,8,18,0,4,0,0,0,0,0,0,0,1,3,0,6,13,0,9,2,2,36,9,24,3,0,36
heb12-mobile,0,0,0,0,0,0,0,0,0,0,0,0,0,0,0,0,0,0,0,0,0,0,0,0,0,0,0,0,0,0,0,0,0,0,0,0,0,0,0,0,0,0,0,0,0,0,0,0,0,0,0,0,0,0,0,0,21,0,0,0,0,0,0,0,0,0,0,0,0,0,0,0,0,26,14,0,258,137,0,0,2,1,438,286,138,14,0,438
helsinki-timetables,0,0,0,0,0,0,0,0,0,0,0,0,0,0,0,0,18,21,0,5,0,0,0,0,0,0,0,0,0,0,0,0,0,0,0,0,0,0,0,0,0,0,1,0,0,0,0,0,0,0,0,0,0,0,0,3.19,66962,6,2,39,2,45,4,44,0,1,0,0,3,3,0,0,6,459,0,3,444,184,0,10,7,2,1109,916,196,0,3,1115
hu-eduroam,9,0,0,0,0,0,0,0,18,0,0,0,0,0,0,0,9,45,0,24,0,0,0,0,0,0,0,0,0,0,0,0,0,0,0,0,0,0,0,0,0,0,0,0,0,0,0,0,0,0,0,0,0,0,0,4.1609197,30078,51,3,54,2,105,5,105,0,0,0,0,0,0,0,14,14,0,2,0,4,3,0,0,0,1,10,4,4,16,0,24
huewidgets,2,0,0,0,0,0,0,0,1,0,0,0,0,1,0,0,1,0,0,0,0,0,0,0,0,0,0,0,0,0,0,0,0,0,0,0,0,0,0,0,0,0,1,0,0,0,0,0,0,0,0,0,0,0,0,0,346,5,4,1,1,6,5,5,0,1,0,0,0,0,0,0,0,1,0,0,0,1,0,0,2,1,5,3,2,0,0,5
kboard,0,0,0,0,0,0,0,0,1,0,0,0,0,0,0,0,1,0,0,1,0,0,0,0,0,0,0,0,0,0,0,0,0,0,0,0,0,0,0,0,0,0,1,0,0,0,0,0,0,0,0,0,0,0,1,3.6306307,253131,3,3,2,2,5,5,3,0,1,1,0,0,0,0,0,0,6,1,0,6,5,0,0,2,2,22,14,7,1,0,22
ldap-sync,0,0,0,0,0,0,0,0,5,0,0,0,0,0,0,0,2,2,0,0,0,0,0,0,0,0,0,0,0,0,0,0,0,0,0,0,0,0,0,0,0,0,8,0,0,0,0,0,0,0,0,0,0,0,0,3.3333333,2531,13,2,4,2,17,4,9,0,8,0,0,0,1,2,2,5,4,3,0,6,6,0,3,2,2,26,13,13,5,0,31
lepsi-rozvrh,7,0,0,0,0,4,0,0,5,0,0,0,0,0,0,0,10,19,0,22,0,0,0,0,0,0,0,3,0,0,0,0,0,0,0,0,0,0,0,0,0,0,5,0,0,0,0,0,0,0,0,0,0,0,2,4.773585,1533,39,4,38,5,77,9,67,3,5,2,0,0,6,0,0,6,2,0,0,9,1,0,0,3,0,15,20,1,0,0,21
light-android-launcher,0,0,0,0,0,0,0,0,1,0,0,0,0,0,0,0,3,3,0,0,0,0,0,0,0,0,0,0,0,0,0,0,0,0,0,0,0,0,0,0,0,0,1,0,0,0,0,0,0,0,0,0,0,0,0,0,31,2,2,6,2,8,4,7,0,1,0,0,0,1,1,0,2,1,0,0,2,2,0,1,3,0,9,7,4,0,0,11
ltecleanerfoss,0,0,0,0,0,0,0,0,0,0,0,0,0,0,0,0,4,8,0,4,0,0,0,0,0,0,0,0,0,0,0,0,0,0,0,0,0,0,0,0,0,0,0,0,0,0,0,0,0,0,0,0,0,0,0,4.56,24651,4,1,12,2,16,3,16,0,0,0,0,0,0,0,0,0,2,3,1,7,11,0,0,4,2,30,14,13,3,0,30
lttrs-android,4,0,0,0,0,0,0,0,5,0,0,0,0,0,0,0,33,7,0,5,0,0,0,0,0,2,0,0,0,0,0,0,0,0,0,0,0,0,0,0,0,0,5,0,0,0,0,0,0,0,0,0,0,0,3,4.5,203,21,5,43,3,64,8,56,0,5,3,0,0,20,0,0,20,1,0,0,3,0,0,0,1,1,6,25,1,0,0,26
manglish,0,0,0,0,0,0,0,0,2,0,0,0,0,0,0,1,2,1,0,3,0,0,0,0,0,0,0,0,0,0,0,0,0,0,0,0,0,0,0,0,0,0,1,0,0,0,0,0,0,0,0,0,0,0,0,4.388889,27984,6,3,4,3,10,6,9,0,1,0,0,0,1,0,0,1,2,0,1,8,3,0,2,1,0,17,13,5,0,0,18
mbestyle,0,0,0,0,0,0,0,0,0,0,0,0,0,0,0,0,6,7,0,7,0,0,0,0,0,0,0,1,0,0,0,0,0,0,0,0,0,0,0,0,0,0,0,0,0,0,0,0,0,0,0,0,0,0,5,4.1764708,3323,7,1,19,4,26,5,20,1,0,5,0,0,7,1,0,8,9,1,0,12,3,0,4,2,1,32,30,9,1,0,40
mediclog,0,0,0,0,0,0,0,0,12,0,0,0,0,0,0,0,0,1,0,0,0,0,0,0,0,0,0,0,0,0,0,0,0,0,0,0,0,0,0,0,0,0,0,0,0,0,0,0,0,0,0,0,0,0,0,0,2,12,1,1,1,13,2,13,0,0,0,0,0,8,0,12,20,4,8,1,11,13,0,2,4,2,45,28,17,20,0,65
moneywallet,42,0,0,0,0,0,0,0,99,0,0,0,0,0,0,0,73,24,0,149,0,0,0,0,0,0,0,0,0,0,0,0,0,0,0,0,0,0,1,0,0,1,105,0,0,0,0,0,0,0,0,0,0,0,38,4.49,16229,396,5,136,4,532,9,387,2,105,38,0,6,5,0,0,11,43,1,29,43,29,0,0,8,4,157,128,33,1,6,168
morse,29,0,0,0,0,0,0,0,0,0,0,0,0,0,0,0,28,25,0,25,0,0,0,0,0,0,0,0,0,0,0,0,0,0,0,0,0,0,0,0,0,0,0,0,0,0,0,0,0,0,0,0,0,0,1,4.2,161,54,2,54,3,108,5,107,0,0,1,0,5,0,0,0,5,1,1,1,5,9,0,0,2,0,19,9,9,1,5,24
motioneye-client,17,0,0,0,0,2,0,0,16,0,0,0,0,0,0,0,18,9,0,73,0,0,0,0,0,0,0,5,0,0,0,0,0,0,0,0,0,0,0,0,0,0,14,0,0,0,0,0,0,0,0,0,0,0,10,0,2070,120,4,44,5,164,9,135,5,14,10,0,0,12,1,0,13,2,0,0,9,6,0,2,2,0,21,25,9,0,0,34
mundraub-android,0,0,0,0,0,0,0,0,11,0,0,0,0,0,3,0,17,0,0,8,0,0,0,0,0,1,0,0,0,0,0,0,0,0,0,0,0,0,0,0,0,0,5,0,0,0,0,0,0,0,0,0,0,0,3,1.3225807,2988,28,5,20,2,48,7,40,0,5,3,0,0,8,6,6,20,348,2,1,20,16,0,0,8,3,398,385,25,8,0,418
mynotes,1,0,0,0,0,0,0,0,1,0,0,0,0,0,0,0,5,2,0,6,0,0,0,0,0,0,0,0,0,0,0,0,0,0,0,0,0,0,0,0,0,0,1,0,0,0,0,0,0,0,0,0,0,0,0,0,220,9,4,7,2,16,6,15,0,1,0,0,0,3,0,0,3,3,0,0,10,1,0,0,2,1,17,18,2,0,0,20
notepad,0,0,0,1,0,0,0,0,1,0,0,0,0,0,0,0,7,7,0,10,0,0,0,0,0,0,0,0,0,0,0,0,0,0,0,0,0,0,0,0,0,0,1,0,0,0,0,0,0,0,0,0,0,0,0,4.385621,325269,13,4,14,2,27,6,26,0,1,0,0,4,1,3,0,8,2,1,0,13,4,0,0,2,3,25,18,10,1,4,33
onpc,28,0,0,0,0,9,0,0,6,0,0,0,0,1,0,0,10,6,0,3,2,0,0,0,0,0,0,0,0,0,0,0,0,0,0,0,0,0,0,0,0,1,0,0,0,0,0,0,0,0,0,0,0,0,0,4.39,26567,40,5,26,4,66,9,65,1,0,0,0,3,3,1,0,7,12,3,0,31,12,0,0,2,2,62,48,15,3,3,69
openpods,0,0,0,0,0,2,0,0,0,0,0,0,0,0,0,0,0,11,0,3,0,0,0,0,0,0,0,0,0,0,0,0,0,0,0,0,0,0,0,0,0,0,0,0,0,0,0,0,0,0,0,0,0,0,0,1.5714285,3154,3,1,13,2,16,3,16,0,0,0,0,0,0,0,0,0,1,0,0,1,0,0,0,1,0,3,3,0,0,0,3
opensudoku,0,0,0,0,0,4,0,0,1,0,0,0,0,0,0,2,3,4,0,2,0,0,0,0,0,0,0,0,0,0,0,0,0,0,0,0,0,0,0,0,0,3,0,0,0,0,0,0,0,0,0,0,0,0,0,4.63,9642,3,2,16,5,19,7,16,3,0,0,0,3,6,0,4,13,8,4,2,23,13,0,0,4,6,60,43,19,8,3,73
osmdashboard,1,0,0,0,0,0,0,0,1,0,0,0,0,0,0,0,4,2,0,4,0,0,0,0,0,0,0,0,0,0,0,0,0,0,0,0,0,0,0,0,0,0,1,0,0,0,0,0,0,0,0,0,0,0,0,0,68,7,4,6,2,13,6,12,0,1,0,0,0,0,0,0,0,5,3,0,7,62,0,0,2,1,80,14,63,3,0,80
osmtracker-android,9,0,0,0,0,0,0,0,6,0,0,0,0,0,0,0,3,4,0,3,0,0,0,0,0,0,0,0,0,0,0,0,0,0,0,0,0,0,0,0,0,0,2,0,0,0,0,0,0,0,0,0,0,0,0,4.17,29966,20,4,7,2,27,6,25,0,2,0,0,0,1,0,4,5,1,6,0,13,16,0,2,4,1,43,19,19,10,0,48
paintroid,48,0,0,0,0,0,0,0,8,0,0,0,0,0,0,0,20,24,0,21,0,0,0,0,0,0,0,0,0,0,0,0,0,0,0,0,0,0,0,0,0,0,2,3,0,0,0,0,0,0,0,0,0,0,0,3.664762,999283,82,5,44,2,126,7,121,0,5,0,0,0,0,0,0,0,22,3,1,71,13,0,3,2,1,116,96,17,3,0,116
pdfviewer,0,0,0,0,0,0,0,0,1,0,0,0,0,0,0,0,11,2,0,12,0,0,0,0,0,0,0,0,0,0,0,0,0,0,0,0,0,0,0,0,0,0,0,0,0,0,0,0,0,0,0,0,0,0,0,4.4,18555,13,2,13,2,26,4,26,0,0,0,0,0,1,0,0,1,13,1,0,27,9,0,1,6,3,60,47,13,1,0,61
phonograph,0,0,0,0,0,0,0,0,15,0,0,0,0,0,0,0,113,67,0,24,0,0,0,0,0,0,0,0,0,0,0,0,0,0,0,0,0,0,0,0,0,0,15,0,0,0,0,0,0,0,0,0,0,0,12,4.06722,1944285,54,3,192,3,246,6,219,0,15,12,0,6,0,15,0,21,12,0,0,21,5,0,0,2,0,40,35,20,0,6,61
phyphox-android,6,0,0,1,0,2,0,0,5,0,0,0,0,0,0,2,19,12,0,14,0,1,1,0,0,0,0,1,0,0,0,0,0,0,0,0,0,0,0,0,0,3,2,4,0,0,0,0,0,0,0,0,0,0,0,4.466292,854646,34,8,39,6,73,14,63,4,6,0,0,3,12,2,3,20,2,0,0,0,2,0,0,1,1,6,15,5,3,3,26
pilfershushjammer,3,0,0,0,0,0,0,0,3,0,0,0,0,0,0,0,16,3,0,0,0,0,0,0,0,0,0,0,0,0,0,0,0,0,0,0,0,0,0,0,0,0,3,0,0,0,0,0,0,0,0,0,0,0,0,4.15,37312,9,3,19,2,28,5,25,0,3,0,0,0,0,0,0,0,2,0,0,5,15,0,7,1,1,31,8,23,0,0,31
pin,0,0,0,0,0,0,0,0,1,0,0,0,0,0,0,0,5,1,0,0,0,0,0,0,0,0,0,0,3,0,0,0,0,0,0,0,0,0,0,0,0,0,1,0,0,0,0,0,0,0,0,0,0,0,0,0,9,5,3,6,2,11,5,7,3,1,0,0,1,2,1,0,4,2,0,0,0,2,0,4,1,0,9,5,7,0,1,13
piwigo-android,7,0,0,0,0,0,0,0,4,0,0,0,0,0,0,0,12,1,0,1,0,0,0,0,0,0,0,0,0,2,3,0,0,0,0,0,0,0,0,0,0,0,1,0,0,0,0,0,0,0,0,0,0,0,1,2.8510637,8053,18,6,14,3,32,9,25,5,1,1,0,0,0,0,2,2,0,2,0,9,0,0,0,1,1,13,10,1,4,0,15
planes,0,0,0,0,0,0,0,0,0,0,0,0,0,0,0,0,6,0,0,15,0,0,0,0,0,0,0,0,0,0,0,0,0,0,0,0,0,0,1,0,0,0,0,0,0,0,0,0,0,0,0,0,0,0,0,0,12262,16,2,6,1,22,3,21,1,0,0,0,3,0,0,0,3,9,0,0,6,6,0,2,1,0,24,16,8,0,3,27
presencepublisher,0,0,0,0,0,2,0,0,3,0,0,0,0,0,0,0,0,0,0,0,0,0,0,0,0,0,0,0,0,0,0,0,0,0,0,0,0,0,0,0,0,0,0,0,0,0,0,0,0,0,0,0,0,0,4,0,35,3,1,6,2,9,3,5,0,0,4,0,0,0,0,0,0,1,1,1,3,15,0,0,1,1,23,6,16,1,0,23
privacy-friendly-2048,0,0,0,0,0,0,0,0,0,0,0,0,0,0,0,0,35,35,0,32,0,0,0,0,0,0,0,0,0,0,0,0,0,0,0,0,0,0,0,0,0,0,0,0,0,0,0,0,0,0,0,0,0,0,0,4.714286,641,32,1,70,2,102,3,102,0,0,0,0,9,59,0,0,68,151,0,0,61,100,0,2,6,0,320,277,102,0,9,388
privacy-friendly-boardgame-clock,0,0,0,0,0,0,0,0,3,0,0,0,0,0,0,0,42,62,0,71,0,0,0,0,0,0,0,0,0,0,0,0,0,0,0,0,0,0,0,0,0,0,1,0,0,0,0,0,0,0,0,0,0,0,4,0,307,75,3,108,3,183,6,178,0,1,4,0,1,24,0,1,26,26,4,0,16,10,0,0,8,4,68,74,14,5,1,94
privacy-friendly-circuit-training-exercises,1,0,0,0,0,0,0,0,3,0,0,0,0,0,0,0,34,62,0,58,0,0,0,0,0,0,0,0,0,0,0,0,0,0,0,0,0,0,0,0,0,0,3,0,0,0,0,0,0,0,0,0,0,0,5,3.6666667,1890,65,4,101,3,166,7,158,0,3,5,0,1,34,6,0,41,26,5,1,41,34,0,0,6,6,119,108,46,5,1,160
privacy-friendly-dame,0,0,0,0,0,0,0,0,0,0,0,0,0,0,0,0,13,11,0,11,0,0,0,0,0,0,0,0,0,0,0,0,0,0,0,0,0,0,0,0,0,0,0,0,0,0,0,0,0,0,0,0,0,0,0,3.6666667,475,11,1,24,2,35,3,35,0,0,0,0,0,10,0,0,10,141,0,0,9,2,0,0,3,1,156,163,3,0,0,166
privacy-friendly-finance-manager,6,0,0,0,0,0,0,0,8,0,0,0,0,0,0,0,16,29,0,52,0,0,0,0,0,0,0,0,0,0,0,0,0,0,0,0,0,0,0,0,0,0,8,0,0,0,0,0,0,0,0,0,0,0,5,4.428571,668,74,4,50,3,124,7,111,0,8,5,0,8,14,0,2,24,15,7,0,71,31,0,0,6,5,135,106,36,9,8,159
privacy-friendly-food-tracker,0,0,0,0,0,0,0,0,12,0,0,0,0,0,0,0,41,26,0,28,0,0,0,0,0,0,0,0,0,0,0,0,0,0,0,0,0,0,0,0,0,1,10,2,0,0,0,0,0,0,0,0,0,0,1,2.5,293,52,4,69,4,121,8,107,1,12,1,0,2,14,0,0,16,11,3,0,57,10,0,2,2,0,85,84,12,3,2,101
privacy-friendly-interval-timer,1,0,0,0,0,0,0,0,6,0,0,0,0,0,0,0,35,76,0,71,0,0,0,0,0,0,0,0,0,0,0,0,0,0,0,0,0,0,0,0,0,0,0,0,0,0,0,0,0,0,0,0,0,0,2,4.076923,2518,78,3,113,3,191,6,189,0,0,2,0,1,26,5,6,38,22,5,1,35,23,0,2,6,5,99,90,35,11,1,137
privacy-friendly-minesweeper,0,0,0,0,0,0,0,0,2,0,0,0,0,0,0,0,32,21,0,61,0,0,0,0,0,0,0,0,0,0,0,0,0,0,0,0,0,0,0,0,0,0,0,2,0,0,0,0,0,0,0,0,0,0,3,4.4666667,903,65,3,56,3,121,6,116,0,2,3,0,0,18,0,0,18,20,0,0,23,5,0,0,4,2,54,65,7,0,0,72
privacy-friendly-wifi-manager,3,0,0,0,0,1,0,0,1,0,0,0,0,0,0,0,19,23,0,14,0,0,0,0,0,0,0,0,0,0,0,0,0,0,0,0,0,0,0,0,0,1,1,0,0,0,0,0,0,0,0,0,0,0,3,3,2390,19,4,47,5,66,9,61,1,1,3,0,2,7,0,1,10,6,1,0,20,8,0,0,2,1,38,35,9,2,2,48
pslab-android,21,0,0,0,0,2,0,0,53,0,0,0,0,0,0,0,419,376,1,435,0,0,0,0,0,0,0,2,0,0,0,0,0,0,0,0,0,6,0,0,0,0,10,0,0,0,0,0,0,0,0,0,0,0,5,4.73,2343,526,6,804,5,1330,11,1307,8,10,5,0,3,47,5,42,97,17,8,1,38,23,0,0,7,5,99,110,33,50,3,196
quickref,0,0,0,0,0,0,0,0,0,0,0,0,0,0,0,0,4,5,0,7,0,0,0,0,0,0,0,0,0,0,0,0,0,0,0,0,0,0,0,0,0,0,0,0,0,0,0,0,0,0,0,0,0,0,1,4.58,41574,7,1,10,3,17,4,16,0,0,1,0,0,2,1,0,3,2,0,0,19,4,0,9,2,0,36,25,14,0,0,39
redreader,3,0,0,0,0,0,0,0,11,0,0,0,0,0,0,0,31,23,0,31,0,0,0,0,0,0,0,0,0,0,0,0,0,0,0,0,0,0,0,0,0,2,8,0,1,0,0,0,0,0,0,0,0,0,9,3.463768,10104,54,5,65,4,119,9,99,2,8,10,0,9,6,1,5,21,14,3,0,150,141,0,2,6,4,320,176,148,8,9,341
rsandroidapp,13,0,0,0,0,0,0,0,12,0,0,0,0,0,0,0,22,12,0,28,0,0,0,0,0,0,0,1,0,0,0,0,0,0,0,0,0,0,0,0,0,0,10,0,0,0,0,0,0,0,0,0,0,0,0,4.909091,297,63,4,35,3,98,7,87,1,10,0,0,0,6,0,4,10,14,6,0,7,26,0,2,6,4,65,33,32,10,0,75
rxdroid,0,0,0,1,0,1,0,0,2,0,0,0,0,0,0,0,13,4,0,3,1,0,0,0,0,0,0,0,0,0,5,0,0,0,0,0,0,0,0,0,0,1,1,0,0,0,0,0,0,0,0,0,0,0,0,4.48,14195,13,6,19,4,32,10,25,6,1,0,0,1,19,2,1,23,14,5,0,121,14,0,2,4,4,164,158,22,6,1,187
safeprice,0,0,0,0,0,0,0,0,0,0,0,0,0,0,0,0,0,0,0,0,0,0,0,0,0,0,0,0,0,0,0,0,0,0,0,0,0,0,0,0,0,0,0,0,0,0,0,0,0,0,0,0,0,0,0,0,24,0,0,0,0,0,0,0,0,0,0,0,0,0,0,0,0,0,0,0,5,1,0,5,1,1,13,6,7,0,0,13
sdbviewer,0,0,0,0,0,0,0,0,0,0,0,0,0,0,0,0,0,2,0,2,0,0,0,0,0,0,0,0,0,0,0,0,0,0,0,0,0,0,0,0,0,0,0,0,0,0,0,0,0,0,0,0,0,0,1,0,631,2,1,3,2,5,3,4,0,0,1,0,0,0,0,0,0,3,3,1,8,5,0,4,3,2,29,15,11,3,0,29
secondscreen,0,0,0,0,0,2,0,0,3,0,0,0,0,0,0,0,22,25,0,30,0,0,0,0,0,2,0,0,0,0,0,0,0,0,0,0,0,0,0,0,0,0,1,0,0,0,0,0,0,0,0,0,0,0,0,3.8321168,941570,36,4,49,3,85,7,84,0,1,0,0,0,5,1,2,8,2,2,0,10,4,0,2,3,3,26,20,10,4,0,34
secure-quick-reliable-login,25,0,0,0,0,0,0,0,28,0,0,0,0,0,0,0,36,53,0,35,0,0,0,0,0,0,0,0,3,0,26,0,0,0,0,0,0,0,0,0,0,1,31,0,0,0,0,0,0,0,0,0,0,0,1,4.7647057,3872,148,6,91,4,239,10,177,30,31,1,0,0,28,0,0,28,12,0,0,46,6,0,0,10,2,76,96,8,0,0,104
selfnet-wificonfig,1,0,0,0,0,0,0,0,2,0,0,0,0,0,0,0,1,1,0,1,0,0,0,0,0,0,0,0,0,0,0,0,0,0,0,0,0,0,0,0,0,0,2,0,0,0,0,0,0,0,0,0,0,0,0,0,1497,6,4,2,2,8,6,6,0,2,0,0,0,0,0,0,0,3,0,0,6,4,0,3,1,1,18,10,8,0,0,18
shelter,0,0,0,0,0,0,0,0,0,0,0,0,0,0,0,0,1,3,0,1,0,0,0,0,0,0,0,0,0,0,0,0,0,0,0,0,0,0,0,0,0,0,0,0,0,0,0,0,0,0,0,0,0,0,1,3.82,34338,1,1,5,3,6,4,5,0,0,1,0,0,1,1,0,2,0,0,0,2,0,0,2,1,1,6,4,4,0,0,8
simple-keyboard,0,0,0,12,0,8,0,0,0,0,0,0,0,0,0,0,2,2,0,5,3,0,0,0,0,0,0,0,0,0,0,0,0,0,0,0,0,0,0,0,0,0,0,0,0,0,0,0,0,0,0,0,0,0,0,4.388889,363873,20,3,12,3,32,6,32,0,0,0,0,2,0,0,0,2,0,0,0,0,0,0,0,1,1,2,1,1,0,2,4
simply-pace,0,0,0,0,0,0,0,0,0,0,0,0,0,0,0,2,2,0,0,0,0,0,0,0,0,0,0,0,0,0,0,0,0,0,0,0,0,0,0,0,0,0,0,0,0,0,0,0,0,0,0,0,0,0,1,4.7777777,1435,0,0,5,3,5,3,4,0,0,1,0,0,1,0,0,1,2,0,0,14,17,0,0,3,1,37,20,18,0,0,38
sine-android,0,0,0,0,0,1,0,0,0,0,0,0,0,0,0,0,13,17,0,13,0,0,0,0,0,0,0,0,0,0,0,0,0,0,0,0,0,0,0,0,0,0,0,0,0,0,0,0,0,0,0,0,0,0,0,4.46,27710,13,1,31,3,44,4,44,0,0,0,0,4,6,0,0,10,11,0,0,150,190,0,0,6,1,358,173,191,0,4,368
siteswap_generator,0,0,0,0,0,0,0,0,18,0,0,0,0,0,0,0,0,0,0,4,0,0,0,0,0,0,0,0,0,0,0,0,0,0,0,0,0,0,0,0,0,0,0,0,0,0,0,0,0,0,0,0,0,0,0,4.3333335,693,22,2,0,0,22,2,22,0,0,0,0,0,0,0,18,18,8,21,0,19,44,0,19,3,3,117,30,66,39,0,135
sleepywifi,2,0,0,0,0,1,0,0,0,0,0,0,0,0,0,0,0,3,0,6,0,0,0,0,0,0,0,0,0,0,0,0,0,0,0,0,0,0,0,0,0,0,0,0,0,0,0,0,0,0,0,0,0,0,0,4.25,497,8,2,4,2,12,4,12,0,0,0,0,0,0,0,0,0,0,0,0,0,4,0,0,4,0,8,4,4,0,0,8
sumatoradictionary,3,0,0,0,0,0,0,0,0,0,0,0,0,0,0,0,9,1,0,2,0,0,0,0,0,0,0,0,0,0,0,0,0,0,0,0,0,0,0,0,0,0,1,0,0,0,0,0,0,0,0,0,0,0,2,0,16,6,3,12,3,18,6,15,0,1,2,0,0,0,1,0,1,3,0,0,9,4,0,0,2,0,18,14,5,0,0,19
syncthing-android-fdroid,23,0,0,0,0,1,0,0,9,0,0,0,0,0,0,0,44,36,0,42,0,0,0,0,0,0,0,0,0,0,2,1,1,0,0,0,0,0,0,0,0,4,13,0,0,0,0,2,0,0,0,0,0,0,2,4.47,10800,93,8,87,5,180,13,155,8,13,4,0,0,0,0,0,0,3,0,0,20,0,0,2,1,0,26,24,2,0,0,26
tedit,0,0,0,0,0,0,0,0,3,0,0,0,0,0,0,0,9,13,0,78,0,0,0,0,0,0,0,0,0,0,0,4,4,0,0,0,0,2,0,0,0,5,0,0,0,0,0,0,0,0,0,0,0,0,0,3.25,1273,91,5,27,3,118,8,103,15,0,0,0,4,55,1,2,62,43,5,1,11,17,0,0,1,1,79,111,19,7,4,141
termbot,40,0,0,0,0,4,0,0,20,0,0,0,0,0,0,0,13,3,0,6,0,0,0,0,1,1,0,3,0,0,0,0,0,0,0,0,0,0,0,0,0,3,11,8,0,0,5,2,0,3,1,0,0,0,3,4.1549296,6576,98,11,29,6,127,17,88,6,19,14,0,6,1,0,12,19,67,8,1,37,46,0,0,6,6,171,112,52,20,6,190
todoagenda,15,0,0,1,0,2,0,0,5,0,0,0,0,2,0,0,11,8,0,7,0,0,0,0,0,0,0,0,0,0,0,0,0,0,0,0,0,0,0,0,0,0,0,4,0,0,0,0,0,0,0,0,0,0,2,4.49,23470,34,6,23,4,57,10,51,0,4,2,0,0,0,0,1,1,0,0,0,2,0,0,0,0,1,3,2,1,1,0,4
towercollector,0,0,0,0,0,5,0,0,1,0,0,0,0,0,0,0,8,9,0,2,0,0,0,0,0,0,0,0,0,0,0,0,0,0,0,0,0,0,0,0,0,0,0,0,0,0,0,0,0,0,0,0,0,0,0,4.29,54673,3,2,22,3,25,5,25,0,0,0,0,0,0,30,0,30,15,0,0,2,10,0,0,2,2,31,19,42,0,0,61
trekarta,1,0,0,9,0,17,0,0,6,0,0,0,0,0,0,0,50,54,0,14,0,0,0,0,0,0,0,0,0,0,0,0,0,0,0,0,0,0,0,0,0,1,7,0,0,0,0,0,0,0,0,0,0,0,1,4.31,1906,37,5,123,5,160,10,151,1,7,1,0,1,54,4,0,59,23,2,1,30,14,0,2,3,1,76,111,21,2,1,135
unicodepad,5,0,0,0,0,1,0,0,3,0,0,0,0,0,0,0,4,3,0,5,0,0,0,0,0,0,0,0,0,0,0,0,0,0,0,0,0,0,0,0,0,1,1,0,0,0,0,0,0,0,0,0,0,0,0,4.3860626,8005903,14,4,9,4,23,8,21,1,1,0,0,5,0,0,1,6,2,10,1,8,608,0,36,3,3,671,14,647,11,5,677
video-transcoder,8,0,0,0,0,0,0,0,7,0,0,0,0,0,0,0,113,16,0,70,0,0,0,0,0,0,0,0,0,0,0,2,2,0,0,0,0,0,0,0,0,0,15,0,0,0,0,2,0,0,0,0,0,0,0,3.17,62949,106,7,129,2,235,9,214,4,15,2,0,0,5,0,2,7,1,1,0,6,37,0,2,2,2,51,14,41,3,0,58
volume_control_android,2,0,0,0,0,2,0,0,0,0,0,0,0,0,0,0,5,4,0,6,0,0,0,0,0,0,0,3,0,0,0,0,0,0,0,0,0,0,0,0,0,0,1,1,0,0,0,0,0,0,0,0,0,0,0,4.16,59998,10,4,14,4,24,8,19,3,2,0,0,0,2,0,1,3,1,0,0,11,9,0,0,3,2,26,17,11,1,0,29
weatherradar,1,0,0,0,0,0,0,0,1,0,0,0,0,0,0,0,5,0,0,0,0,0,0,0,0,0,0,0,0,0,0,0,0,0,0,0,0,0,0,0,0,0,0,0,0,0,0,0,0,0,0,0,0,0,0,3.2666667,3687,2,2,5,1,7,3,7,0,0,0,0,0,0,0,0,0,6,5,0,27,12,0,0,3,3,56,36,15,5,0,56
wifisetup,1,0,0,0,0,0,0,0,2,0,0,0,0,0,0,0,0,0,0,1,0,0,0,0,0,0,0,0,0,0,0,0,0,0,0,0,0,0,0,0,0,0,2,0,0,0,0,0,0,0,0,0,0,0,0,4.5689654,10530,6,4,0,0,6,4,4,0,2,0,0,0,0,0,0,0,2,2,0,5,6,0,0,1,1,17,8,7,2,0,17
wonderdroid-x,2,0,0,0,0,0,0,0,0,0,0,0,0,0,0,0,3,3,0,5,0,0,0,0,0,0,0,0,0,0,0,0,0,0,0,0,0,0,0,0,0,1,0,0,0,0,0,0,0,0,0,0,0,0,0,3.92,51444,7,2,7,3,14,5,13,1,0,0,0,1,0,0,0,1,16,2,1,17,8,0,2,2,2,50,36,12,2,1,51
world-scribe,13,0,0,0,0,9,0,0,19,0,0,0,0,0,0,0,89,110,0,93,0,0,0,0,0,0,0,0,0,0,0,0,0,0,0,0,0,0,0,0,0,1,18,0,0,0,0,0,0,0,0,0,0,0,7,4.15,70894,143,4,216,5,359,9,333,1,18,7,0,0,7,11,6,24,3,9,1,101,55,0,0,7,5,181,119,71,15,0,205
yalpstore,80,0,0,5,0,0,0,0,29,0,0,0,0,0,0,0,89,33,0,283,0,0,0,0,0,0,0,0,0,0,0,0,0,0,0,0,0,0,0,0,0,1,42,0,0,0,0,2,0,0,0,0,0,0,0,0,281,441,6,123,3,564,9,519,1,42,2,0,0,14,0,0,14,25,12,2,21,70,2,4,7,7,150,71,81,12,0,164
your-local-weather,61,0,0,20,0,26,0,0,7,0,0,0,0,0,0,0,71,70,0,115,0,0,0,0,1,1,0,0,0,0,0,0,0,0,0,0,0,0,0,0,0,0,0,6,0,0,0,0,0,0,0,0,0,0,6,3.9482758,5491,211,7,173,4,384,11,372,0,6,6,0,23,13,0,7,43,19,2,1,56,16,0,0,5,3,102,94,19,9,23,145
